feature,mean,IC_low,IC_high
const,-2.32186205563942,-2.5485339428799407,-2.103106219683297
A_sq,-23.274270017780424,-28.503532768446597,-18.67567568685619
A_times_O,3.9267294123163903,0.627813226943837,7.477650868790954
A2_logS,49.74076640909568,42.368538117636945,58.66978374646811
